"","frequency1","share1"
"Stk",3723,83.2885906040269
"Tub",747,16.7114093959732
