"","frequency","share"
"PPk",1969,44.0492170022371
"PBB",699,15.6375838926174
"PFl",468,10.4697986577181
"PHse",626,14.0044742729306
"PGen",315,7.04697986577181
"Plmp",74,1.65548098434004
"PSS",319,7.13646532438479
